-- phpMyAdmin SQL Dump
-- version 4.9.7
-- https://www.phpmyadmin.net/
--
-- Host: localhost:3306
-- Generation Time: Jul 20, 2022 at 03:31 PM
-- Server version: 10.5.15-MariaDB-cll-lve
-- PHP Version: 7.4.29

SET SQL_MODE = "NO_AUTO_VALUE_ON_ZERO";
SET AUTOCOMMIT = 0;
START TRANSACTION;
SET time_zone = "+00:00";


/*!40101 SET @OLD_CHARACTER_SET_CLIENT=@@CHARACTER_SET_CLIENT */;
/*!40101 SET @OLD_CHARACTER_SET_RESULTS=@@CHARACTER_SET_RESULTS */;
/*!40101 SET @OLD_COLLATION_CONNECTION=@@COLLATION_CONNECTION */;
/*!40101 SET NAMES utf8mb4 */;

--
-- Database: `u1036689_abo`
--

-- --------------------------------------------------------

--
-- Table structure for table `tb_admin`
--

CREATE TABLE `tb_admin` (
  `id_admin` int(5) UNSIGNED NOT NULL,
  `nama` varchar(255) COLLATE latin1_bin DEFAULT NULL,
  `user` varchar(255) COLLATE latin1_bin DEFAULT NULL,
  `pass` varchar(255) COLLATE latin1_bin DEFAULT NULL,
  `kat` varchar(20) COLLATE latin1_bin DEFAULT NULL
) ENGINE=InnoDB DEFAULT CHARSET=latin1 COLLATE=latin1_bin ROW_FORMAT=DYNAMIC;

--
-- Dumping data for table `tb_admin`
--

INSERT INTO `tb_admin` (`id_admin`, `nama`, `user`, `pass`, `kat`) VALUES
(7, 'ardi permata dani', 'bangel', '$2a$10$dd966b32500a17c140defe7olRgPWEgQrFqXBv5M6vakaPU5aznTK', 'direktur'),
(8, 'dwi lusiana', 'lusiana', '$2a$10$cf234198c7f1f6a71e974ui3BMuBG6yrszb8kvz.mWxpQpOFX1phq', 'keuangan');

-- --------------------------------------------------------

--
-- Table structure for table `tb_barang`
--

CREATE TABLE `tb_barang` (
  `id_barang` int(5) NOT NULL,
  `jns_brg` varchar(15) DEFAULT NULL,
  `merk` varchar(255) DEFAULT NULL,
  `nm_brg` varchar(255) DEFAULT NULL,
  `stok` int(11) DEFAULT NULL,
  `hrg_beli` int(11) DEFAULT NULL,
  `hrg_jual` int(11) DEFAULT NULL,
  `untung` int(11) DEFAULT NULL
) ENGINE=InnoDB DEFAULT CHARSET=utf8mb4;

--
-- Dumping data for table `tb_barang`
--

INSERT INTO `tb_barang` (`id_barang`, `jns_brg`, `merk`, `nm_brg`, `stok`, `hrg_beli`, `hrg_jual`, `untung`) VALUES
(2, 'accu', 'gs astra', 'gtz6v maintenance free', 2, 260000, 280000, 20000),
(3, 'accu', 'gs astra', 'gtz5s maintenance free', 7, 220000, 240000, 20000),
(4, 'accu', 'gs astra', 'gm5z-3b premium', 0, 165000, 180000, 15000),
(5, 'ban', 'federal', 'ban luar matic 80/90 14 tubetype', 1, 138000, 160000, 22000),
(6, 'ban', 'federal', 'ban luar matic 90/90 14 tubetype', 0, 166000, 200000, 34000),
(7, 'ban', 'federal', 'ban luar 70/90 17 tubetype', 0, 138000, 165000, 27000),
(8, 'ban', 'federal', 'ban luar 80/90 17 tubetype', 0, 168000, 202000, 34000),
(9, 'ban', 'swallow', 'ban dalam matic 80/90 14 ', 7, 25000, 30000, 5000),
(10, 'ban', 'swallow', 'ban dalam matic 90/90 14', 10, 30000, 35000, 5000),
(11, 'ban', 'swallow', 'ban dalam 70/90 17', 6, 25000, 30000, 5000),
(12, 'ban', 'swallow', 'ban dalam 80/90 17', 10, 30000, 35000, 5000),
(13, 'oli', 'federal oil', 'oil matic 800 ml', 16, 42000, 49000, 7000),
(14, 'oli', 'federal oil', 'oil 800 ml', 24, 37000, 45000, 8000),
(15, 'oli', 'federal oil', 'oil 1000 ml', 15, 43000, 51000, 8000),
(16, 'oli', 'federal oil', 'oil gardan', 14, 13000, 16000, 3000),
(17, 'oli', 'deltalube', 'oil matic 800 ml', 6, 57000, 63000, 6000),
(18, 'oli', 'deltalube', 'oil 800 ml', 4, 57000, 63000, 6000),
(19, 'oli', 'deltalube', 'oil 1000 ml', 4, 67000, 72000, 5000),
(20, 'ban', 'federal', 'ban luar matic 90/90 14 tubeles', 0, 198000, 238000, 40000),
(21, 'ban', 'federal', 'ban luar matic 80/90 14 tubeles', 0, 176000, 211000, 35000),
(22, 'accu', 'gs astra', 'ns40z premiun 35ah', 2, 655000, 745000, 90000),
(23, 'accu', 'gs astra', 'ns40zl premium 35ah', 2, 655000, 745000, 90000),
(24, 'accu', 'gs astra', 'ns60 premium 45ah', 2, 715000, 814000, 99000),
(25, 'accu', 'gs astra', 'ns60l premium 45ah', 2, 715000, 814000, 99000),
(26, 'accu', 'gs astra', 'ns70 premium 65ah', 0, 960000, 1097000, 137000),
(27, 'accu', 'gs astra', 'n70z premium 75ah', 1, 1140000, 1309000, 169000);

-- --------------------------------------------------------

--
-- Table structure for table `tb_pembelian`
--

CREATE TABLE `tb_pembelian` (
  `id_pembelian` int(11) NOT NULL,
  `no_nota` varchar(255) DEFAULT NULL,
  `id_barang` int(5) NOT NULL,
  `id_supplier` int(11) NOT NULL DEFAULT 0,
  `tgl_beli` date DEFAULT NULL,
  `stok` int(11) DEFAULT NULL,
  `total_bayar` int(11) DEFAULT NULL,
  `hrg_item` int(11) DEFAULT NULL,
  `bukti_beli` text DEFAULT NULL
) ENGINE=InnoDB DEFAULT CHARSET=utf8mb4;

--
-- Dumping data for table `tb_pembelian`
--

INSERT INTO `tb_pembelian` (`id_pembelian`, `no_nota`, `id_barang`, `id_supplier`, `tgl_beli`, `stok`, `total_bayar`, `hrg_item`, `bukti_beli`) VALUES
(1, '01012022 deltalube', 19, 1, '2022-01-01', 5, 335000, 67000, ''),
(2, '01012022 deltalube', 18, 1, '2022-01-01', 5, 285000, 57000, ''),
(3, '01012022 deltalube', 17, 1, '2022-01-01', 10, 570000, 57000, ''),
(4, '01012022 gs astra', 3, 1, '2022-01-01', 2, 420000, 210000, ''),
(5, '01012022 gs astra', 2, 1, '2022-01-01', 2, 500000, 250000, ''),
(6, '01012022 ban luar', 5, 1, '2022-01-01', 2, 280000, 140000, ''),
(7, '01012022 ban luar', 6, 1, '2022-01-01', 2, 340000, 170000, ''),
(8, '01012022 ban luar', 7, 1, '2022-01-01', 2, 280000, 140000, ''),
(9, '01012022 ban luar', 8, 1, '2022-01-01', 2, 340000, 170000, ''),
(10, '04012022', 13, 2, '2022-01-04', 5, 420000, 84000, ''),
(11, '04012022', 14, 2, '2022-01-04', 5, 185000, 37000, ''),
(12, '04012022', 15, 2, '2022-01-04', 5, 420000, 84000, ''),
(13, '06012022 bandalam', 12, 2, '2022-01-06', 5, 160000, 32000, ''),
(14, '06012022 bandalam', 11, 2, '2022-01-06', 5, 135000, 27000, ''),
(15, '06012022 bandalam', 15, 2, '2022-01-06', 10, 320000, 32000, ''),
(16, '06012022 bandalam', 9, 2, '2022-01-06', 10, 270000, 27000, ''),
(17, '06012022 oil federal', 16, 2, '2022-01-06', 10, 120000, 12000, ''),
(18, '11012022 federal oil', 13, 2, '2022-01-11', 10, 420000, 42000, ''),
(19, '11012022 oil federal', 15, 2, '2022-01-11', 5, 210000, 42000, ''),
(20, '11012022 oil federal', 14, 2, '2022-01-11', 5, 185000, 37000, ''),
(21, '06012022 oil deltalube', 19, 1, '2022-01-11', 5, 285000, 57000, ''),
(22, '11012022 oil deltalube', 19, 2, '2022-01-11', 5, 335000, 67000, ''),
(23, '14012022 accu', 4, 2, '2022-01-14', 2, 300000, 150000, ''),
(24, '14012022 accu', 3, 2, '2022-01-14', 2, 410000, 205000, ''),
(25, '25012022', 8, 2, '2022-01-26', 1, 145000, 145000, ''),
(26, '25012022', 8, 2, '2022-01-26', 1, 180000, 180000, ''),
(27, '25012022', 21, 2, '2022-01-26', 1, 190000, 190000, ''),
(28, '25012022', 20, 2, '2022-01-26', 1, 225000, 225000, ''),
(29, '01022022', 13, 3, '2022-02-01', 10, 420000, 42000, ''),
(30, '01022022', 14, 3, '2022-02-01', 10, 370000, 37000, ''),
(31, '10/02/2022', 20, 2, '2022-02-10', 1, 175000, 175000, ''),
(32, '10/02/2022', 13, 2, '2022-02-10', 5, 210000, 42000, ''),
(33, '10/02/2022', 16, 2, '2022-02-10', 10, 120000, 12000, ''),
(34, '10/02/2022', 12, 2, '2022-02-10', 5, 135000, 27000, ''),
(35, '10/02/2022', 11, 2, '2022-02-10', 5, 125000, 25000, ''),
(36, '10/02/2022', 10, 2, '2022-02-10', 5, 150000, 30000, ''),
(37, '10/02/2022', 9, 2, '2022-02-10', 5, 125000, 25000, ''),
(38, '12/02/2022 deltalube', 19, 1, '2022-02-12', 5, 335000, 67000, ''),
(39, '12/02/2022 deltalube', 18, 1, '2022-02-12', 5, 285000, 57000, ''),
(40, '12/02/2022 deltalube', 17, 1, '2022-02-12', 10, 570000, 57000, ''),
(41, '15/02/2022 oil federal', 17, 3, '2022-02-15', 24, 1008000, 42000, ''),
(42, '24/02/2022 oil federal', 15, 3, '2022-02-24', 12, 504000, 42000, ''),
(43, '24/02/2022 oil federal', 14, 3, '2022-02-24', 12, 444000, 37000, ''),
(44, '26/02/2022', 8, 2, '2022-02-26', 2, 350000, 175000, ''),
(45, '26/02/2022', 11, 2, '2022-02-26', 5, 135000, 27000, ''),
(46, '26/02/2022', 10, 2, '2022-02-26', 5, 160000, 32000, ''),
(47, '26/02/2022', 9, 2, '2022-02-26', 5, 135000, 27000, ''),
(48, '03/03/2022 ban luar matic', 5, 2, '2022-03-03', 2, 290000, 145000, ''),
(49, '08/03/22 ban dalam', 12, 2, '2022-03-08', 5, 150000, 30000, ''),
(50, '08/03/22 ban dalam', 11, 2, '2022-03-08', 5, 125000, 25000, ''),
(51, '08/03/22 accu', 4, 2, '2022-03-08', 2, 300000, 150000, ''),
(52, '09/03/22 ban luar', 21, 2, '2022-03-09', 2, 352000, 176000, ''),
(53, '09/03/22 ban luar', 21, 2, '2022-03-09', 2, 396000, 198000, ''),
(54, '09/03/22 oli', 14, 3, '2022-03-09', 12, 444000, 37000, ''),
(55, '09/03/22 oli', 21, 3, '2022-03-09', 12, 504000, 42000, ''),
(56, '09/03/22 oli', 16, 3, '2022-03-09', 31, 372000, 12000, ''),
(57, '09/03/22 ban luar', 5, 2, '2022-03-09', 2, 276000, 138000, ''),
(58, '09/03/22 ban luar', 6, 2, '2022-03-09', 2, 332000, 166000, ''),
(59, '09/03/22 ban luar', 7, 2, '2022-03-09', 2, 276000, 138000, ''),
(60, '09/03/22 ban luar', 8, 2, '2022-03-09', 2, 338000, 169000, ''),
(61, '13/03/2022 deltalube', 19, 1, '2022-03-13', 5, 335000, 67000, ''),
(62, '13/03/2022 deltalube', 18, 1, '2022-03-13', 5, 285000, 57000, ''),
(63, '13/03/2022 deltalube', 17, 1, '2022-03-13', 5, 285000, 57000, ''),
(64, '03april22 accu', 3, 2, '2022-04-03', 4, 800000, 200000, ''),
(65, '04april2022', 13, 3, '2022-04-05', 24, 864000, 36000, '513856256_1649149431977779717451011788259.jpg'),
(66, '04april2022', 14, 3, '2022-04-05', 12, 402000, 33500, '1980594171_16491495030455377554539046578234.jpg'),
(67, '09 april 2022', 17, 1, '2022-04-09', 10, 561660, 56166, '573176586_16494772640746312302740620942103.jpg'),
(68, '21april22', 10, 2, '2022-04-21', 5, 136250, 27250, '1873434800_1650521941108642865716794546330.jpg'),
(69, '21april22 ban', 12, 2, '2022-04-21', 10, 280000, 28000, '642989596_16505220161258290687663964207590.jpg'),
(70, '21april22 ban', 11, 2, '2022-04-21', 10, 255000, 25500, '1686602417_16505220580582431416463657104889.jpg'),
(71, '21april22 accu motor', 2, 2, '2022-04-21', 2, 530000, 265000, '1029257345_16505221222076399311076671283498.jpg'),
(72, '21april22 accu motor', 4, 2, '2022-04-21', 2, 310000, 155000, '663960851_16505221676845305208262345363498.jpg'),
(73, '27 april 22 oli', 13, 3, '2022-04-29', 24, 888000, 37000, '1899927510_16512245745192678713322699097145.jpg'),
(74, '27 april 22 oli', 14, 3, '2022-04-29', 24, 816000, 34000, '940829574_1651224702078127050306410838180.jpg'),
(75, '07 mei 2022 accu mobil', 22, 4, '2022-05-07', 1, 655000, 655000, '1206741284_16519044068164720091455044520751.jpg'),
(76, '07 mei 2022 accu mobil', 23, 4, '2022-05-07', 1, 655000, 655000, ''),
(77, '07 mei 2022 accu mobil', 25, 4, '2022-05-07', 1, 715000, 715000, ''),
(78, '07 mei 2022 accu mobil', 26, 4, '2022-05-07', 1, 960000, 960000, ''),
(79, '13 mei 22', 22, 4, '2022-05-13', 1, 645000, 645000, ''),
(80, '13 mei 22', 23, 4, '2022-05-13', 1, 645000, 645000, ''),
(81, '13 mei 22', 24, 4, '2022-05-13', 1, 715000, 715000, ''),
(82, '13 mei 22', 27, 4, '2022-05-13', 1, 1140000, 1140000, ''),
(83, '19mei22', 12, 2, '2022-05-19', 5, 140000, 28000, ''),
(84, '19mei22', 10, 2, '2022-05-19', 5, 137500, 27500, ''),
(85, '19mei22', 15, 2, '2022-05-19', 5, 205000, 41000, ''),
(86, '19mei22', 13, 2, '2022-05-19', 5, 200000, 40000, ''),
(87, '19mei22', 16, 2, '2022-05-19', 10, 125000, 12500, ''),
(88, '25mei22 accu', 3, 4, '2022-05-25', 5, 1075000, 215000, ''),
(89, '25mei22 accu', 2, 4, '2022-05-25', 3, 780000, 260000, ''),
(90, '25mei22 accu', 4, 4, '2022-05-25', 3, 447000, 149000, ''),
(91, '25mei22 accu', 23, 4, '2022-05-25', 1, 655000, 655000, ''),
(92, '25mei22 accu', 24, 4, '2022-05-25', 1, 715000, 715000, ''),
(93, '25mei22 accu', 25, 4, '2022-05-25', 1, 715000, 715000, ''),
(94, '25mei22 accu', 26, 4, '2022-05-25', 1, 960000, 960000, ''),
(95, '30mei2022 oli', 15, 3, '2022-05-30', 5, 190000, 38000, ''),
(96, '30mei2022 oli', 14, 3, '2022-05-30', 15, 510000, 34000, ''),
(97, '30mei2022 oli', 13, 3, '2022-05-30', 15, 555000, 37000, ''),
(98, '04juni22', 12, 2, '2022-06-04', 10, 280000, 28000, ''),
(99, '04juni22', 16, 2, '2022-06-04', 10, 120000, 12000, ''),
(100, '07 juni 22', 25, 4, '2022-06-07', 1, 715000, 715000, ''),
(101, '07 juni 22', 24, 4, '2022-06-07', 1, 715000, 715000, ''),
(102, '07 juni 22', 23, 4, '2022-06-07', 2, 1310000, 655000, ''),
(103, '07 juni 22', 3, 4, '2022-06-07', 4, 860000, 215000, ''),
(104, '07 juni 22', 2, 4, '2022-06-07', 2, 520000, 260000, ''),
(105, '08 juni 22 oli', 13, 3, '2022-06-09', 24, 888000, 37000, ''),
(106, '08 juni 22 oli', 15, 3, '2022-06-09', 12, 456000, 38000, ''),
(107, '20 juni 22', 23, 4, '2022-06-16', 1, 645000, 645000, ''),
(108, '20 juni 22', 22, 4, '2022-06-16', 1, 645000, 645000, ''),
(109, '20 juni 22', 24, 4, '2022-06-16', 1, 715000, 715000, ''),
(110, '20 juni 22', 25, 4, '2022-06-16', 1, 715000, 715000, ''),
(111, '21juni22', 11, 2, '2022-06-21', 5, 130000, 26000, ''),
(112, '21juni22', 10, 2, '2022-06-21', 5, 140000, 28000, ''),
(113, '21juni22', 9, 2, '2022-06-21', 5, 125000, 25000, ''),
(114, '23juni22', 16, 3, '2022-06-23', 10, 120000, 12000, ''),
(115, '25 juni 22', 27, 4, '2022-06-25', 1, 1150000, 1150000, ''),
(116, '25 juni 22', 26, 4, '2022-06-25', 1, 945000, 945000, ''),
(117, '25 juni 22', 25, 4, '2022-06-25', 1, 715000, 715000, ''),
(118, '25 juni 22', 24, 4, '2022-06-25', 1, 715000, 715000, ''),
(119, '25 juni 22', 23, 4, '2022-06-25', 1, 655000, 655000, ''),
(120, '25 juni 22', 19, 1, '2022-06-25', 5, 335000, 67000, ''),
(121, '25 juni 22', 18, 1, '2022-06-25', 5, 285000, 57000, ''),
(122, '25 juni 22', 17, 1, '2022-06-25', 5, 285000, 57000, ''),
(123, '11juli22 federal oil', 13, 3, '2022-07-11', 24, 936000, 39000, ''),
(124, '11juli22 federal oil', 14, 3, '2022-07-11', 24, 828000, 34500, ''),
(125, '14juli22', 23, 4, '2022-07-14', 2, 1310000, 655000, ''),
(126, '14juli22', 24, 4, '2022-07-14', 1, 715000, 715000, ''),
(127, '15juli22', 8, 2, '2022-07-15', 1, 182500, 182500, ''),
(128, '15juli22', 16, 2, '2022-07-15', 10, 120000, 12000, ''),
(129, '15juli22', 10, 2, '2022-07-15', 5, 138750, 27750, '');

-- --------------------------------------------------------

--
-- Table structure for table `tb_profile`
--

CREATE TABLE `tb_profile` (
  `id_profile` int(3) NOT NULL,
  `nm_company` varchar(255) DEFAULT NULL,
  `alamat` varchar(255) DEFAULT NULL,
  `hp_usaha` varchar(14) DEFAULT NULL,
  `logo` text DEFAULT NULL
) ENGINE=InnoDB DEFAULT CHARSET=utf8mb4;

--
-- Dumping data for table `tb_profile`
--

INSERT INTO `tb_profile` (`id_profile`, `nm_company`, `alamat`, `hp_usaha`, `logo`) VALUES
(1, 'permata motor', 'jl kh agus salim no 68', '085230856165', '1533738727_LOGO PERMATA MOTOR.png');

-- --------------------------------------------------------

--
-- Table structure for table `tb_supplier`
--

CREATE TABLE `tb_supplier` (
  `id_supplier` int(11) NOT NULL,
  `nm_supplier` varchar(100) DEFAULT NULL,
  `alamat` varchar(255) DEFAULT NULL,
  `hp` varchar(14) DEFAULT NULL
) ENGINE=InnoDB DEFAULT CHARSET=utf8mb4;

--
-- Dumping data for table `tb_supplier`
--

INSERT INTO `tb_supplier` (`id_supplier`, `nm_supplier`, `alamat`, `hp`) VALUES
(1, 'deltalube', 'perum brawijaya', ''),
(2, 'putra mas giri', 'gentengan giri banyuwangi', ''),
(3, 'dicky oli', 'kalipuro', ''),
(4, 'gs astra', 'jember', '');

-- --------------------------------------------------------

--
-- Table structure for table `tb_transaksi`
--

CREATE TABLE `tb_transaksi` (
  `no_nota` int(11) NOT NULL,
  `tgl_transaksi` date DEFAULT NULL,
  `total` int(11) DEFAULT NULL,
  `diskon` int(11) DEFAULT NULL,
  `bayar` int(11) DEFAULT NULL,
  `kembali` int(11) DEFAULT NULL,
  `id_admin` int(5) UNSIGNED NOT NULL
) ENGINE=InnoDB DEFAULT CHARSET=utf8mb4 ROW_FORMAT=DYNAMIC;

--
-- Dumping data for table `tb_transaksi`
--

INSERT INTO `tb_transaksi` (`no_nota`, `tgl_transaksi`, `total`, `diskon`, `bayar`, `kembali`, `id_admin`) VALUES
(1, '2022-01-02', 0, 0, 60000, 0, 7),
(2, '2022-01-02', 0, 0, 100000, 0, 7),
(3, '2022-01-04', 0, 0, 45000, 0, 7),
(4, '2022-01-04', 80000, 0, 80000, 0, 7),
(5, '2022-01-04', 45000, 0, 45000, 0, 7),
(6, '2022-01-04', 155000, 0, 155000, 0, 7),
(7, '2022-01-05', 300000, 0, 300000, 0, 7),
(8, '2022-01-06', 40000, 0, 40000, 0, 7),
(9, '2022-01-07', 265000, 0, 265000, 0, 7),
(10, '2022-01-08', 240000, 0, 240000, 0, 7),
(11, '2022-01-10', 105000, 0, 105000, 0, 7),
(12, '2022-01-11', 175000, 0, 175000, 0, 7),
(13, '2022-01-12', 105000, 0, 105000, 0, 7),
(14, '2022-01-13', 260000, 0, 260000, 0, 7),
(15, '2022-01-14', 165000, 0, 165000, 0, 7),
(16, '2022-01-15', 100000, 0, 100000, 0, 7),
(17, '2022-01-17', 40000, 0, 40000, 0, 7),
(18, '2022-01-18', 345000, 0, 345000, 0, 7),
(19, '2022-01-20', 35000, 0, 35000, 0, 7),
(20, '2022-01-21', 295000, 0, 295000, 0, 7),
(21, '2022-01-22', 80000, 0, 80000, 0, 7),
(22, '2022-01-23', 90000, 0, 90000, 0, 7),
(23, '2022-01-24', 75000, 0, 75000, 0, 7),
(24, '2022-01-26', 300000, 0, 300000, 0, 7),
(25, '2022-01-27', 135000, 0, 135000, 0, 7),
(26, '2022-01-28', 45000, 0, 45000, 0, 7),
(27, '2022-01-29', 30000, 0, 30000, 0, 7),
(28, '2022-01-30', 60000, 0, 60000, 0, 7),
(29, '2022-01-30', 135000, 0, 135000, 0, 7),
(30, '2022-01-31', 155000, 0, 155000, 0, 7),
(31, '2022-02-01', 290000, 0, 290000, 0, 7),
(32, '2022-02-02', 310000, 0, 310000, 0, 7),
(33, '2022-02-04', 130000, 0, 130000, 0, 7),
(34, '2022-02-06', 210000, 0, 210000, 0, 7),
(35, '2022-02-09', 575000, 0, 575000, 0, 7),
(36, '2022-02-10', 245000, 0, 245000, 0, 7),
(37, '2022-02-11', 285000, 0, 285000, 0, 7),
(38, '2022-02-12', 435000, 0, 435000, 0, 7),
(39, '2022-02-14', 405000, 0, 405000, 0, 7),
(40, '2022-02-15', 140000, 0, 140000, 0, 7),
(41, '2022-02-16', 175000, 0, 175000, 0, 7),
(42, '2022-02-18', 245000, 0, 245000, 0, 7),
(43, '2022-02-20', 130000, 0, 130000, 0, 7),
(44, '2022-02-21', 360000, 0, 360000, 0, 7),
(45, '2022-02-24', 65000, 0, 65000, 0, 7),
(46, '2022-02-25', 130000, 0, 130000, 0, 7),
(47, '2022-02-26', 284000, 0, 284000, 0, 7),
(48, '2022-02-26', 120000, 0, 120000, 0, 7),
(49, '2022-02-27', 45000, 0, 45000, 0, 7),
(50, '2022-02-27', 414000, 0, 414000, 0, 7),
(51, '2022-02-28', 145000, 0, 145000, 0, 7),
(52, '2022-03-02', 225000, 0, 225000, 0, 7),
(53, '2022-03-03', 206000, 0, 206000, 0, 7),
(54, '2022-03-04', 40000, 0, 40000, 0, 7),
(55, '2022-03-05', 260000, 0, 260000, 0, 7),
(56, '2022-03-06', 325000, 0, 325000, 0, 7),
(57, '2022-03-07', 115000, 0, 115000, 0, 7),
(58, '2022-03-07', 40000, 0, 40000, 0, 7),
(59, '2022-03-11', 325000, 0, 325000, 0, 7),
(60, '2022-03-12', 225000, 0, 225000, 0, 7),
(61, '2022-03-13', 155000, 0, 155000, 0, 7),
(62, '2022-03-15', 45000, 0, 45000, 0, 7),
(63, '2022-03-16', 165000, 0, 165000, 0, 7),
(64, '2022-03-18', 380000, 0, 380000, 0, 7),
(65, '2022-03-19', 60000, 0, 60000, 0, 7),
(66, '2022-03-20', 110000, 0, 110000, 0, 7),
(67, '2022-03-21', 343000, 0, 343000, 0, 7),
(68, '2022-03-23', 270000, 0, 270000, 0, 7),
(69, '2022-03-25', 237000, 0, 237000, 0, 7),
(70, '2022-03-26', 75000, 0, 75000, 0, 7),
(71, '2022-03-30', 290000, 0, 290000, 0, 7),
(72, '2022-03-31', 70000, 0, 70000, 0, 7),
(73, '2022-04-03', 557000, 0, 557000, 0, 7),
(74, '2022-04-04', 110000, 0, 110000, 0, 7),
(75, '2022-04-05', 271000, 0, 271000, 0, 7),
(76, '2022-04-09', 130000, 0, 130000, 0, 7),
(77, '2022-04-09', 371000, 0, 371000, 0, 7),
(78, '2022-04-10', 45000, 0, 45000, 0, 7),
(79, '2022-04-10', 265000, 0, 265000, 0, 7),
(80, '2022-04-14', 290000, 0, 290000, 0, 7),
(81, '2022-04-15', 145000, 0, 145000, 0, 7),
(82, '2022-04-17', 430000, 0, 430000, 0, 7),
(83, '2022-04-20', 810000, 0, 810000, 0, 7),
(84, '2022-04-21', 180000, 0, 180000, 0, 7),
(85, '2022-04-22', 75000, 0, 75000, 0, 7),
(86, '2022-04-24', 515000, 0, 515000, 0, 7),
(87, '2022-04-25', 255000, 0, 255000, 0, 7),
(88, '2022-04-28', 470000, 0, 470000, 0, 7),
(89, '2022-04-30', 735000, 0, 735000, 0, 7),
(90, '2022-05-01', 325000, 0, 325000, 0, 7),
(91, '2022-05-09', 270000, 0, 270000, 0, 7),
(92, '2022-05-09', 335000, 0, 335000, 0, 7),
(93, '2022-05-10', 530000, 0, 530000, 0, 7),
(94, '2022-05-12', 255000, 0, 255000, 0, 7),
(95, '2022-05-13', 1167000, 0, 1167000, 0, 7),
(96, '2022-05-14', 814000, 0, 814000, 0, 7),
(97, '2022-05-14', 40000, 0, 40000, 0, 7),
(98, '2022-05-14', 720000, 0, 720000, 0, 7),
(99, '2022-05-16', 310000, 0, 310000, 0, 7),
(100, '2022-05-17', 1559000, 0, 1559000, 0, 7),
(101, '2022-05-17', 85000, 0, 85000, 0, 7),
(102, '2022-05-18', 40000, 0, 40000, 0, 7),
(103, '2022-05-19', 220000, 0, 220000, 0, 7),
(104, '2022-05-19', 45000, 0, 45000, 0, 7),
(105, '2022-05-20', 195000, 5000, 195000, 0, 7),
(106, '2022-05-20', 40000, 0, 40000, 0, 7),
(107, '2022-05-21', 365000, 0, 365000, 0, 7),
(108, '2022-05-23', 220000, 0, 220000, 0, 7),
(109, '2022-05-24', 120000, 0, 120000, 0, 7),
(110, '2022-05-26', 929000, 0, 929000, 0, 7),
(111, '2022-05-28', 1799000, 0, 1799000, 0, 7),
(112, '2022-05-30', 320000, 0, 320000, 0, 7),
(113, '2022-05-31', 210000, 0, 210000, 0, 7),
(114, '2022-06-01', 280000, 0, 280000, 0, 7),
(115, '2022-06-02', 75000, 0, 75000, 0, 7),
(116, '2022-06-02', 665000, 80000, 665000, 0, 7),
(117, '2022-06-03', 115000, 0, 115000, 0, 7),
(118, '2022-06-04', 295000, 0, 295000, 0, 7),
(119, '2022-06-05', 700000, 45000, 700000, 0, 7),
(120, '2022-06-06', 130000, 0, 130000, 0, 7),
(121, '2022-06-07', 190000, 0, 190000, 0, 7),
(122, '2022-06-08', 85000, 0, 85000, 0, 7),
(123, '2022-06-09', 165000, 0, 165000, 0, 7),
(124, '2022-06-09', 700000, 45000, 700000, 0, 7),
(125, '2022-06-09', 700000, 45000, 700000, 0, 7),
(126, '2022-06-10', 989000, 0, 989000, 0, 7),
(127, '2022-06-11', 110000, 0, 110000, 0, 7),
(128, '2022-06-13', 95000, 0, 95000, 0, 7),
(129, '2022-06-14', 750000, 64000, 750000, 0, 7),
(130, '2022-06-14', 210000, 0, 210000, 0, 7),
(131, '2022-06-15', 135000, 0, 135000, 0, 7),
(132, '2022-06-16', 1000000, 97000, 1000000, 0, 7),
(133, '2022-06-16', 265000, 0, 265000, 0, 7),
(134, '2022-06-18', 120000, 0, 120000, 0, 7),
(135, '2022-06-20', 750000, 64000, 750000, 0, 7),
(136, '2022-06-20', 700000, 45000, 700000, 0, 7),
(137, '2022-06-20', 30000, 0, 30000, 0, 7),
(138, '2022-06-21', 45000, 0, 45000, 0, 7),
(139, '2022-06-21', 165000, 0, 165000, 0, 7),
(140, '2022-06-22', 120000, 0, 120000, 0, 7),
(141, '2022-06-23', 105000, 0, 105000, 0, 7),
(142, '2022-06-24', 130000, 0, 130000, 0, 7),
(143, '2022-06-27', 391000, 0, 391000, 0, 7),
(144, '2022-06-28', 75000, 0, 75000, 0, 7),
(145, '2022-06-29', 40000, 0, 40000, 0, 7),
(146, '2022-06-30', 40000, 0, 40000, 0, 7),
(147, '2022-07-02', 60000, 0, 60000, 0, 7),
(148, '2022-07-02', 232000, 0, 232000, 0, 7),
(149, '2022-07-02', 700000, 45000, 700000, 0, 7),
(150, '2022-07-02', 750000, 64000, 750000, 0, 7),
(151, '2022-07-03', 130000, 0, 130000, 0, 7),
(152, '2022-07-04', 45000, 0, 45000, 0, 7),
(153, '2022-07-04', 255000, 0, 255000, 0, 7),
(154, '2022-07-05', 157000, 0, 157000, 0, 7),
(155, '2022-07-06', 105000, 0, 105000, 0, 7),
(156, '2022-07-06', 700000, 45000, 700000, 0, 7),
(157, '2022-07-07', 60000, 0, 60000, 0, 7),
(158, '2022-07-07', 63000, 0, 63000, 0, 7),
(159, '2022-07-08', 240000, 0, 240000, 0, 7),
(160, '2022-07-08', 408000, 0, 408000, 0, 7),
(161, '2022-07-09', 550000, 0, 550000, 0, 7),
(162, '2022-07-11', 275000, 0, 275000, 0, 7),
(163, '2022-07-11', 51000, 0, 51000, 0, 7),
(164, '2022-07-13', 423000, 20000, 423000, 0, 7),
(165, '2022-07-14', 252000, 0, 252000, 0, 7),
(166, '2022-07-14', 1000000, 97000, 1000000, 0, 7),
(167, '2022-07-17', 395000, 0, 395000, 0, 7),
(168, '2022-07-17', 159000, 0, 159000, 0, 7),
(169, '2022-07-17', 287000, 0, 287000, 0, 7),
(170, '2022-07-18', 94000, 0, 94000, 0, 7),
(171, '2022-07-19', 49000, 0, 49000, 0, 7);

-- --------------------------------------------------------

--
-- Table structure for table `tb_transaksi_detail`
--

CREATE TABLE `tb_transaksi_detail` (
  `no_nota` int(11) DEFAULT NULL,
  `id_barang` int(5) DEFAULT NULL,
  `qty` int(11) DEFAULT NULL,
  `hrg_satuan` int(11) DEFAULT NULL,
  `subtotal` int(11) DEFAULT NULL
) ENGINE=InnoDB DEFAULT CHARSET=utf8mb4;

--
-- Dumping data for table `tb_transaksi_detail`
--

INSERT INTO `tb_transaksi_detail` (`no_nota`, `id_barang`, `qty`, `hrg_satuan`, `subtotal`) VALUES
(1, 17, 1, 60000, 60000),
(2, 17, 1, 60000, 60000),
(2, 12, 1, 35000, 35000),
(3, 13, 1, 45000, 45000),
(4, 14, 2, 40000, 80000),
(5, 13, 1, 45000, 45000),
(6, 7, 1, 155000, 155000),
(7, 17, 2, 60000, 120000),
(7, 16, 1, 15000, 15000),
(7, 19, 1, 70000, 70000),
(7, 11, 2, 30000, 60000),
(7, 12, 1, 35000, 35000),
(8, 14, 1, 40000, 40000),
(9, 14, 1, 40000, 40000),
(9, 13, 1, 45000, 45000),
(9, 19, 1, 70000, 70000),
(9, 11, 1, 30000, 30000),
(9, 10, 1, 35000, 35000),
(9, 13, 1, 45000, 45000),
(10, 16, 1, 15000, 15000),
(10, 13, 1, 45000, 45000),
(10, 10, 1, 35000, 35000),
(10, 14, 1, 40000, 40000),
(10, 13, 1, 45000, 45000),
(10, 17, 1, 60000, 60000),
(11, 13, 1, 45000, 45000),
(11, 16, 1, 15000, 15000),
(11, 15, 1, 45000, 45000),
(12, 13, 1, 45000, 45000),
(12, 14, 1, 40000, 40000),
(12, 17, 1, 60000, 60000),
(12, 16, 2, 15000, 30000),
(13, 13, 1, 45000, 45000),
(13, 17, 1, 60000, 60000),
(14, 3, 1, 225000, 225000),
(14, 12, 1, 35000, 35000),
(15, 4, 1, 165000, 165000),
(16, 13, 1, 45000, 45000),
(16, 16, 1, 15000, 15000),
(16, 14, 1, 40000, 40000),
(17, 14, 1, 40000, 40000),
(18, 14, 2, 40000, 80000),
(18, 13, 1, 45000, 45000),
(18, 8, 1, 185000, 185000),
(18, 12, 1, 35000, 35000),
(19, 12, 1, 35000, 35000),
(20, 8, 1, 185000, 185000),
(20, 11, 1, 30000, 30000),
(20, 15, 1, 45000, 45000),
(20, 10, 1, 35000, 35000),
(21, 13, 1, 45000, 45000),
(21, 12, 1, 35000, 35000),
(22, 13, 1, 45000, 45000),
(22, 15, 1, 45000, 45000),
(23, 13, 1, 45000, 45000),
(23, 9, 1, 30000, 30000),
(24, 6, 1, 185000, 185000),
(24, 14, 1, 40000, 40000),
(24, 17, 1, 60000, 60000),
(24, 16, 1, 15000, 15000),
(25, 17, 1, 60000, 60000),
(25, 14, 1, 40000, 40000),
(25, 12, 1, 35000, 35000),
(26, 15, 1, 45000, 45000),
(27, 9, 1, 30000, 30000),
(28, 13, 1, 45000, 45000),
(28, 16, 1, 15000, 15000),
(29, 13, 2, 45000, 90000),
(29, 16, 1, 15000, 15000),
(29, 9, 1, 30000, 30000),
(30, 15, 1, 45000, 45000),
(30, 17, 1, 60000, 60000),
(30, 16, 1, 15000, 15000),
(30, 12, 1, 35000, 35000),
(31, 18, 1, 60000, 60000),
(31, 13, 1, 45000, 45000),
(31, 16, 1, 15000, 15000),
(31, 14, 2, 40000, 80000),
(31, 17, 1, 60000, 60000),
(31, 11, 1, 30000, 30000),
(32, 3, 1, 225000, 225000),
(32, 14, 1, 40000, 40000),
(32, 13, 1, 45000, 45000),
(33, 12, 1, 35000, 35000),
(33, 18, 1, 60000, 60000),
(33, 12, 1, 35000, 35000),
(34, 13, 1, 45000, 45000),
(34, 10, 1, 35000, 35000),
(34, 17, 1, 60000, 60000),
(34, 14, 1, 40000, 40000),
(34, 11, 1, 30000, 30000),
(35, 13, 1, 45000, 45000),
(35, 14, 1, 40000, 40000),
(35, 14, 1, 40000, 40000),
(35, 13, 1, 45000, 45000),
(35, 13, 2, 45000, 90000),
(35, 11, 1, 30000, 30000),
(35, 10, 1, 35000, 35000),
(35, 13, 1, 45000, 45000),
(35, 19, 1, 70000, 70000),
(35, 13, 1, 45000, 45000),
(35, 11, 1, 30000, 30000),
(35, 18, 1, 60000, 60000),
(36, 8, 1, 185000, 185000),
(36, 18, 1, 60000, 60000),
(37, 17, 3, 60000, 180000),
(37, 14, 1, 40000, 40000),
(37, 11, 1, 30000, 30000),
(37, 10, 1, 35000, 35000),
(38, 20, 1, 245000, 245000),
(38, 9, 1, 30000, 30000),
(38, 13, 1, 45000, 45000),
(38, 16, 1, 15000, 15000),
(38, 15, 1, 45000, 45000),
(38, 14, 1, 40000, 40000),
(38, 16, 1, 15000, 15000),
(39, 13, 1, 45000, 45000),
(39, 11, 1, 30000, 30000),
(39, 3, 1, 225000, 225000),
(39, 13, 2, 45000, 90000),
(39, 16, 1, 15000, 15000),
(40, 14, 1, 40000, 40000),
(40, 17, 1, 60000, 60000),
(40, 14, 1, 40000, 40000),
(41, 16, 1, 15000, 15000),
(41, 10, 2, 35000, 70000),
(41, 15, 1, 45000, 45000),
(41, 13, 1, 45000, 45000),
(42, 5, 1, 155000, 155000),
(42, 13, 2, 45000, 90000),
(43, 13, 1, 45000, 45000),
(43, 14, 1, 40000, 40000),
(43, 13, 1, 45000, 45000),
(44, 17, 1, 60000, 60000),
(44, 12, 1, 35000, 35000),
(44, 2, 1, 265000, 265000),
(45, 10, 1, 35000, 35000),
(45, 11, 1, 30000, 30000),
(46, 14, 1, 40000, 40000),
(46, 13, 1, 45000, 45000),
(46, 16, 1, 15000, 15000),
(46, 11, 1, 30000, 30000),
(47, 8, 1, 189000, 189000),
(47, 18, 1, 60000, 60000),
(47, 12, 1, 35000, 35000),
(48, 11, 1, 30000, 30000),
(48, 13, 1, 45000, 45000),
(48, 13, 1, 45000, 45000),
(49, 13, 1, 45000, 45000),
(50, 7, 1, 155000, 155000),
(50, 8, 1, 189000, 189000),
(50, 19, 1, 70000, 70000),
(51, 17, 1, 60000, 60000),
(51, 13, 1, 45000, 45000),
(51, 14, 1, 40000, 40000),
(52, 14, 1, 40000, 40000),
(52, 15, 1, 45000, 45000),
(52, 14, 1, 40000, 40000),
(52, 13, 1, 45000, 45000),
(52, 16, 1, 15000, 15000),
(52, 14, 1, 40000, 40000),
(53, 5, 1, 161000, 161000),
(53, 13, 1, 45000, 45000),
(54, 14, 1, 40000, 40000),
(55, 19, 1, 70000, 70000),
(55, 11, 1, 30000, 30000),
(55, 13, 1, 45000, 45000),
(55, 17, 1, 60000, 60000),
(55, 16, 1, 15000, 15000),
(55, 14, 1, 40000, 40000),
(56, 13, 1, 45000, 45000),
(56, 13, 1, 45000, 45000),
(56, 4, 1, 165000, 165000),
(56, 14, 1, 40000, 40000),
(56, 11, 1, 30000, 30000),
(57, 14, 1, 40000, 40000),
(57, 13, 1, 45000, 45000),
(57, 9, 1, 30000, 30000),
(58, 14, 1, 40000, 40000),
(59, 4, 1, 165000, 165000),
(59, 14, 1, 40000, 40000),
(59, 13, 1, 45000, 45000),
(59, 16, 1, 15000, 15000),
(59, 13, 1, 45000, 45000),
(59, 16, 1, 15000, 15000),
(60, 17, 2, 60000, 120000),
(60, 16, 1, 15000, 15000),
(60, 13, 1, 45000, 45000),
(60, 16, 1, 15000, 15000),
(60, 11, 1, 30000, 30000),
(61, 19, 1, 70000, 70000),
(61, 15, 1, 45000, 45000),
(61, 14, 1, 40000, 40000),
(62, 13, 1, 45000, 45000),
(63, 13, 3, 45000, 135000),
(63, 9, 1, 30000, 30000),
(64, 2, 1, 265000, 265000),
(64, 11, 1, 30000, 30000),
(64, 13, 1, 45000, 45000),
(64, 14, 1, 40000, 40000),
(65, 13, 1, 45000, 45000),
(65, 16, 1, 15000, 15000),
(66, 12, 1, 35000, 35000),
(66, 12, 1, 35000, 35000),
(66, 14, 1, 40000, 40000),
(67, 20, 1, 238000, 238000),
(67, 13, 1, 45000, 45000),
(67, 16, 1, 15000, 15000),
(67, 13, 1, 45000, 45000),
(68, 15, 1, 45000, 45000),
(68, 3, 1, 225000, 225000),
(69, 8, 1, 202000, 202000),
(69, 10, 1, 35000, 35000),
(70, 16, 1, 15000, 15000),
(70, 17, 1, 60000, 60000),
(71, 4, 1, 165000, 165000),
(71, 15, 1, 45000, 45000),
(71, 14, 2, 40000, 80000),
(72, 12, 1, 35000, 35000),
(72, 10, 1, 35000, 35000),
(73, 7, 1, 165000, 165000),
(73, 11, 1, 30000, 30000),
(73, 14, 1, 40000, 40000),
(73, 10, 1, 35000, 35000),
(73, 13, 1, 45000, 45000),
(73, 14, 1, 40000, 40000),
(73, 8, 1, 202000, 202000),
(74, 11, 1, 30000, 30000),
(74, 14, 1, 40000, 40000),
(74, 14, 1, 40000, 40000),
(75, 21, 1, 211000, 211000),
(75, 13, 1, 45000, 45000),
(75, 16, 1, 15000, 15000),
(76, 13, 1, 45000, 45000),
(76, 14, 1, 40000, 40000),
(76, 13, 1, 45000, 45000),
(77, 21, 1, 211000, 211000),
(77, 14, 1, 40000, 40000),
(77, 12, 1, 35000, 35000),
(77, 14, 1, 40000, 40000),
(77, 15, 1, 45000, 45000),
(78, 15, 1, 45000, 45000),
(79, 13, 5, 45000, 225000),
(79, 14, 1, 40000, 40000),
(80, 14, 1, 40000, 40000),
(80, 13, 1, 45000, 45000),
(80, 16, 1, 15000, 15000),
(80, 12, 2, 35000, 70000),
(80, 18, 2, 60000, 120000),
(81, 11, 1, 30000, 30000),
(81, 13, 1, 45000, 45000),
(81, 9, 1, 30000, 30000),
(81, 14, 1, 40000, 40000),
(82, 14, 1, 40000, 40000),
(82, 13, 1, 45000, 45000),
(82, 16, 1, 15000, 15000),
(82, 11, 1, 30000, 30000),
(82, 12, 1, 35000, 35000),
(82, 14, 1, 40000, 40000),
(82, 13, 2, 45000, 90000),
(82, 18, 1, 60000, 60000),
(82, 17, 1, 60000, 60000),
(82, 16, 1, 15000, 15000),
(83, 15, 1, 45000, 45000),
(83, 14, 1, 40000, 40000),
(83, 15, 1, 45000, 45000),
(83, 16, 1, 15000, 15000),
(83, 14, 1, 40000, 40000),
(83, 13, 1, 45000, 45000),
(83, 16, 1, 15000, 15000),
(83, 6, 1, 200000, 200000),
(83, 10, 1, 35000, 35000),
(83, 12, 1, 35000, 35000),
(83, 14, 1, 40000, 40000),
(83, 5, 1, 165000, 165000),
(83, 9, 1, 30000, 30000),
(83, 17, 1, 60000, 60000),
(84, 13, 4, 45000, 180000),
(85, 14, 1, 40000, 40000),
(85, 10, 1, 35000, 35000),
(86, 13, 1, 45000, 45000),
(86, 3, 1, 225000, 225000),
(86, 13, 3, 45000, 135000),
(86, 16, 1, 15000, 15000),
(86, 13, 1, 45000, 45000),
(86, 16, 1, 15000, 15000),
(86, 12, 1, 35000, 35000),
(87, 7, 1, 165000, 165000),
(87, 15, 1, 45000, 45000),
(87, 13, 1, 45000, 45000),
(88, 13, 1, 45000, 45000),
(88, 14, 1, 40000, 40000),
(88, 16, 2, 15000, 30000),
(88, 17, 1, 60000, 60000),
(88, 15, 1, 45000, 45000),
(88, 13, 1, 45000, 45000),
(88, 13, 1, 45000, 45000),
(88, 14, 1, 40000, 40000),
(88, 16, 1, 15000, 15000),
(88, 18, 1, 60000, 60000),
(88, 15, 1, 45000, 45000),
(89, 15, 1, 45000, 45000),
(89, 12, 1, 35000, 35000),
(89, 3, 1, 225000, 225000),
(89, 13, 1, 45000, 45000),
(89, 16, 1, 15000, 15000),
(89, 13, 1, 45000, 45000),
(89, 16, 1, 15000, 15000),
(89, 9, 2, 30000, 60000),
(89, 13, 1, 45000, 45000),
(89, 16, 1, 15000, 15000),
(89, 13, 1, 45000, 45000),
(89, 13, 2, 45000, 90000),
(89, 16, 1, 15000, 15000),
(89, 14, 1, 40000, 40000),
(90, 3, 1, 225000, 225000),
(90, 16, 1, 15000, 15000),
(90, 14, 1, 40000, 40000),
(90, 13, 1, 45000, 45000),
(91, 14, 2, 40000, 80000),
(91, 13, 1, 45000, 45000),
(91, 19, 1, 70000, 70000),
(91, 14, 1, 40000, 40000),
(91, 12, 1, 35000, 35000),
(92, 6, 1, 200000, 200000),
(92, 10, 1, 35000, 35000),
(92, 11, 1, 30000, 30000),
(92, 12, 1, 35000, 35000),
(92, 10, 1, 35000, 35000),
(93, 3, 1, 225000, 225000),
(93, 18, 1, 60000, 60000),
(93, 15, 1, 45000, 45000),
(93, 12, 1, 35000, 35000),
(93, 9, 1, 30000, 30000),
(93, 13, 3, 45000, 135000),
(94, 4, 1, 165000, 165000),
(94, 13, 2, 45000, 90000),
(95, 26, 1, 1097000, 1097000),
(95, 12, 1, 35000, 35000),
(95, 10, 1, 35000, 35000),
(96, 25, 1, 814000, 814000),
(97, 14, 1, 40000, 40000),
(98, 13, 3, 45000, 135000),
(98, 12, 1, 35000, 35000),
(98, 2, 1, 265000, 265000),
(98, 3, 1, 225000, 225000),
(98, 17, 1, 60000, 60000),
(99, 14, 2, 40000, 80000),
(99, 13, 2, 45000, 90000),
(99, 10, 4, 35000, 140000),
(100, 24, 1, 814000, 814000),
(100, 23, 1, 745000, 745000),
(101, 13, 1, 45000, 45000),
(101, 14, 1, 40000, 40000),
(102, 14, 1, 40000, 40000),
(103, 5, 1, 160000, 160000),
(103, 13, 1, 45000, 45000),
(103, 16, 1, 15000, 15000),
(104, 13, 1, 45000, 45000),
(105, 6, 1, 200000, 200000),
(106, 14, 1, 40000, 40000),
(107, 2, 1, 265000, 265000),
(107, 12, 2, 35000, 70000),
(107, 9, 1, 30000, 30000),
(108, 16, 1, 15000, 15000),
(108, 4, 1, 165000, 165000),
(108, 14, 1, 40000, 40000),
(109, 13, 1, 45000, 45000),
(109, 16, 1, 15000, 15000),
(109, 18, 1, 60000, 60000),
(110, 24, 1, 814000, 814000),
(110, 14, 1, 40000, 40000),
(110, 17, 1, 60000, 60000),
(110, 16, 1, 15000, 15000),
(111, 12, 1, 35000, 35000),
(111, 10, 1, 35000, 35000),
(111, 13, 1, 45000, 45000),
(111, 14, 1, 40000, 40000),
(111, 12, 1, 35000, 35000),
(111, 10, 1, 35000, 35000),
(111, 19, 1, 70000, 70000),
(111, 14, 2, 40000, 80000),
(111, 13, 1, 45000, 45000),
(111, 19, 1, 70000, 70000),
(111, 27, 1, 1309000, 1309000),
(112, 14, 1, 40000, 40000),
(112, 13, 1, 45000, 45000),
(112, 16, 1, 15000, 15000),
(112, 18, 1, 60000, 60000),
(112, 13, 1, 45000, 45000),
(112, 19, 1, 70000, 70000),
(112, 15, 1, 45000, 45000),
(113, 19, 1, 70000, 70000),
(113, 9, 2, 30000, 60000),
(113, 13, 1, 45000, 45000),
(113, 12, 1, 35000, 35000),
(114, 19, 1, 70000, 70000),
(114, 18, 1, 60000, 60000),
(114, 17, 1, 60000, 60000),
(114, 13, 2, 45000, 90000),
(115, 13, 1, 45000, 45000),
(115, 11, 1, 30000, 30000),
(116, 23, 1, 745000, 745000),
(117, 14, 2, 40000, 80000),
(117, 12, 1, 35000, 35000),
(118, 13, 4, 45000, 180000),
(118, 16, 3, 15000, 45000),
(118, 19, 1, 70000, 70000),
(119, 23, 1, 745000, 745000),
(120, 13, 2, 45000, 90000),
(120, 14, 1, 40000, 40000),
(121, 17, 1, 60000, 60000),
(121, 13, 1, 45000, 45000),
(121, 14, 1, 40000, 40000),
(121, 15, 1, 45000, 45000),
(122, 13, 1, 45000, 45000),
(122, 14, 1, 40000, 40000),
(123, 11, 1, 30000, 30000),
(123, 13, 3, 45000, 135000),
(124, 23, 1, 745000, 745000),
(125, 22, 1, 745000, 745000),
(126, 13, 2, 45000, 90000),
(126, 16, 3, 15000, 45000),
(126, 25, 1, 814000, 814000),
(126, 14, 1, 40000, 40000),
(127, 14, 1, 40000, 40000),
(127, 19, 1, 70000, 70000),
(128, 10, 1, 35000, 35000),
(128, 13, 1, 45000, 45000),
(128, 16, 1, 15000, 15000),
(129, 25, 1, 814000, 814000),
(130, 17, 1, 60000, 60000),
(130, 14, 1, 40000, 40000),
(130, 10, 1, 35000, 35000),
(130, 13, 1, 45000, 45000),
(130, 11, 1, 30000, 30000),
(131, 11, 1, 30000, 30000),
(131, 13, 1, 45000, 45000),
(131, 16, 1, 15000, 15000),
(131, 15, 1, 45000, 45000),
(132, 26, 1, 1097000, 1097000),
(133, 2, 1, 265000, 265000),
(134, 15, 1, 45000, 45000),
(134, 16, 1, 15000, 15000),
(134, 13, 1, 45000, 45000),
(134, 16, 1, 15000, 15000),
(135, 25, 1, 814000, 814000),
(136, 23, 1, 745000, 745000),
(137, 9, 1, 30000, 30000),
(138, 13, 1, 45000, 45000),
(139, 4, 1, 165000, 165000),
(140, 11, 1, 30000, 30000),
(140, 13, 2, 45000, 90000),
(141, 19, 1, 70000, 70000),
(141, 10, 1, 35000, 35000),
(142, 14, 1, 40000, 40000),
(142, 13, 2, 45000, 90000),
(143, 11, 1, 30000, 30000),
(143, 21, 1, 211000, 211000),
(143, 9, 1, 30000, 30000),
(143, 17, 1, 60000, 60000),
(143, 13, 1, 45000, 45000),
(143, 16, 1, 15000, 15000),
(144, 15, 1, 45000, 45000),
(144, 11, 1, 30000, 30000),
(145, 14, 1, 40000, 40000),
(146, 14, 1, 40000, 40000),
(147, 13, 1, 45000, 45000),
(147, 16, 1, 15000, 15000),
(148, 13, 1, 45000, 45000),
(148, 10, 2, 35000, 70000),
(148, 13, 1, 45000, 45000),
(148, 19, 1, 72000, 72000),
(149, 23, 1, 745000, 745000),
(150, 24, 1, 814000, 814000),
(151, 13, 2, 45000, 90000),
(151, 14, 1, 40000, 40000),
(152, 13, 1, 45000, 45000),
(153, 14, 2, 40000, 80000),
(153, 4, 1, 175000, 175000),
(154, 15, 1, 45000, 45000),
(154, 19, 1, 72000, 72000),
(154, 14, 1, 40000, 40000),
(155, 13, 2, 45000, 90000),
(155, 16, 1, 15000, 15000),
(156, 23, 1, 745000, 745000),
(157, 13, 1, 45000, 45000),
(157, 16, 1, 15000, 15000),
(158, 17, 1, 63000, 63000),
(159, 3, 1, 240000, 240000),
(160, 14, 4, 40000, 160000),
(160, 17, 1, 63000, 63000),
(160, 16, 2, 15000, 30000),
(160, 13, 2, 45000, 90000),
(160, 11, 1, 30000, 30000),
(160, 10, 1, 35000, 35000),
(161, 13, 5, 45000, 225000),
(161, 14, 1, 40000, 40000),
(161, 3, 1, 240000, 240000),
(161, 16, 3, 15000, 45000),
(162, 2, 1, 275000, 275000),
(163, 15, 1, 51000, 51000),
(164, 18, 1, 63000, 63000),
(164, 10, 1, 35000, 35000),
(164, 13, 1, 49000, 49000),
(164, 16, 1, 16000, 16000),
(164, 2, 1, 280000, 280000),
(165, 4, 1, 180000, 180000),
(165, 19, 1, 72000, 72000),
(166, 26, 1, 1097000, 1097000),
(167, 13, 2, 49000, 98000),
(167, 8, 1, 202000, 202000),
(167, 12, 1, 35000, 35000),
(167, 11, 1, 30000, 30000),
(167, 9, 1, 30000, 30000),
(168, 14, 1, 45000, 45000),
(168, 13, 2, 49000, 98000),
(168, 16, 1, 16000, 16000),
(169, 13, 1, 49000, 49000),
(169, 20, 1, 238000, 238000),
(170, 14, 1, 45000, 45000),
(170, 13, 1, 49000, 49000),
(171, 13, 1, 49000, 49000);

-- --------------------------------------------------------

--
-- Table structure for table `tb_transaksi_sementara`
--

CREATE TABLE `tb_transaksi_sementara` (
  `id_transaksi` int(11) NOT NULL,
  `id_barang` int(5) DEFAULT NULL,
  `qty` int(11) DEFAULT NULL,
  `hrg_satuan` int(11) DEFAULT NULL,
  `subtotal` int(11) DEFAULT NULL
) ENGINE=InnoDB DEFAULT CHARSET=utf8mb4 ROW_FORMAT=DYNAMIC;

--
-- Indexes for dumped tables
--

--
-- Indexes for table `tb_admin`
--
ALTER TABLE `tb_admin`
  ADD PRIMARY KEY (`id_admin`);

--
-- Indexes for table `tb_barang`
--
ALTER TABLE `tb_barang`
  ADD PRIMARY KEY (`id_barang`);

--
-- Indexes for table `tb_pembelian`
--
ALTER TABLE `tb_pembelian`
  ADD PRIMARY KEY (`id_pembelian`);

--
-- Indexes for table `tb_profile`
--
ALTER TABLE `tb_profile`
  ADD PRIMARY KEY (`id_profile`);

--
-- Indexes for table `tb_supplier`
--
ALTER TABLE `tb_supplier`
  ADD PRIMARY KEY (`id_supplier`);

--
-- Indexes for table `tb_transaksi`
--
ALTER TABLE `tb_transaksi`
  ADD PRIMARY KEY (`no_nota`);

--
-- Indexes for table `tb_transaksi_sementara`
--
ALTER TABLE `tb_transaksi_sementara`
  ADD PRIMARY KEY (`id_transaksi`);

--
-- AUTO_INCREMENT for dumped tables
--

--
-- AUTO_INCREMENT for table `tb_admin`
--
ALTER TABLE `tb_admin`
  MODIFY `id_admin` int(5) UNSIGNED NOT NULL AUTO_INCREMENT, AUTO_INCREMENT=9;

--
-- AUTO_INCREMENT for table `tb_barang`
--
ALTER TABLE `tb_barang`
  MODIFY `id_barang` int(5) NOT NULL AUTO_INCREMENT, AUTO_INCREMENT=28;

--
-- AUTO_INCREMENT for table `tb_pembelian`
--
ALTER TABLE `tb_pembelian`
  MODIFY `id_pembelian` int(11) NOT NULL AUTO_INCREMENT, AUTO_INCREMENT=130;

--
-- AUTO_INCREMENT for table `tb_profile`
--
ALTER TABLE `tb_profile`
  MODIFY `id_profile` int(3) NOT NULL AUTO_INCREMENT, AUTO_INCREMENT=2;

--
-- AUTO_INCREMENT for table `tb_supplier`
--
ALTER TABLE `tb_supplier`
  MODIFY `id_supplier` int(11) NOT NULL AUTO_INCREMENT, AUTO_INCREMENT=5;

--
-- AUTO_INCREMENT for table `tb_transaksi_sementara`
--
ALTER TABLE `tb_transaksi_sementara`
  MODIFY `id_transaksi` int(11) NOT NULL AUTO_INCREMENT;
COMMIT;

/*!40101 SET CHARACTER_SET_CLIENT=@OLD_CHARACTER_SET_CLIENT */;
/*!40101 SET CHARACTER_SET_RESULTS=@OLD_CHARACTER_SET_RESULTS */;
/*!40101 SET COLLATION_CONNECTION=@OLD_COLLATION_CONNECTION */;
